{"schemaVersion":"1.0","appDefinitionTemplate":{"id":"/providers/Microsoft.PowerApps/apps/","type":"Microsoft.PowerApps/apps","tags":{"primaryDeviceWidth":"640","primaryDeviceHeight":"1136","sienaVersion":"20210305T111606Z-3.21024.25.0","deviceCapabilities":"","supportsPortrait":"true","supportsLandscape":"false","primaryFormFactor":"Phone","publisherVersion":"3.21024.25","minimumRequiredApiVersion":"2.2.0","hasComponent":"false","hasUnlockedComponent":"false","isUnifiedRootApp":"false"},"properties":{"appVersion":"2021-03-05T11:16:06Z","lifeCycleId":"Published","createdByClientVersion":{"major":3,"minor":21024,"build":25,"revision":0,"majorRevision":0,"minorRevision":0},"minClientVersion":{"major":3,"minor":21024,"build":25,"revision":0,"majorRevision":0,"minorRevision":0},"backgroundColor":"rgba(0, 176, 240, 1)","backgroundImageUri":"/16641583406310519141/N676b93ae-7487-49b1-b308-35a8d7440db2-logoSmallFile","displayName":"CheckIn App","description":"","commitMessage":"","appUris":{"documentUri":{"value":"/16641583406310519141/N51ae43c8-75ed-4ee6-9f5e-de65af658202-document.msapp"},"imageUris":[]},"createdTime":"0001-01-01T00:00:00Z","lastModifiedTime":"0001-01-01T00:00:00Z","sharedGroupsCount":0,"sharedUsersCount":0,"icons":{"smallIconUri":"/16641583406310519141/N77c33e6e-3da4-486d-81d9-ec68793d8f83-small.png","mediumIconUri":"/16641583406310519141/N8fbbd3a1-55cf-4bb6-9f07-faada423f5d4-medium.png","largeIconUri":"/16641583406310519141/N48892d7a-e7cb-4b47-a915-89210ca5b554-large.png","wideIconUri":"/16641583406310519141/Nca47392a-e635-4d13-9edf-b3126e15910a-wide.png"},"connectionReferences":{"fd682efd-e128-4c3e-8bca-beb4b7f78b56":{"id":"2f92f144-ada7-49d8-ab95-410373bae03c","displayName":"SharePoint","iconUri":"https://connectoricons-prod.azureedge.net/releases/v1.0.1441/1.0.1441.2334/sharepointonline/icon.png","dataSources":["Visitors"],"dependencies":[],"dependents":[],"parameterHints":{},"isOnPremiseConnection":false,"dataSets":{"https://brandbankgroup.sharepoint.com/sites/BBIT-Hub":{"dataSources":{"Visitors":{"tableName":"000e37f6-ecb3-45fb-8a07-4626b493d41c"}}}},"apiTier":"Standard","isCustomApiConnection":false}},"databaseReferences":{},"almMode":"Environment","performanceOptimizationEnabled":true,"canConsumeAppPass":true,"executionRestrictions":{"isTeamsOnly":false,"dataLossPreventionEvaluationResult":{"status":"Compliant","lastEvaluationDate":"2021-03-05T11:16:16.9477126Z","violationDetails":[]}}},"isAppComponentLibrary":false,"appType":"ClassicCanvasApp","appComponents":[]}}