{"schemaVersion":"1.0","appDefinitionTemplate":{"id":"/providers/Microsoft.PowerApps/apps/","type":"Microsoft.PowerApps/apps","tags":{"primaryDeviceWidth":"640","primaryDeviceHeight":"1136","sienaVersion":"0b73c6c1-436d-4ade-82e4-ba81a2318772","deviceCapabilities":"","supportsPortrait":"true","supportsLandscape":"false","primaryFormFactor":"Phone","publisherVersion":"3.21024.25","minimumRequiredApiVersion":"2.2.0","hasComponent":"false","hasUnlockedComponent":"false","isUnifiedRootApp":"false"},"properties":{"appVersion":"2021-03-05T12:10:15Z","lifeCycleId":"Published","createdByClientVersion":{"major":3,"minor":21024,"build":25,"revision":0,"majorRevision":0,"minorRevision":0},"minClientVersion":{"major":3,"minor":21024,"build":25,"revision":0,"majorRevision":0,"minorRevision":0},"backgroundColor":"rgba(0, 176, 240, 1)","backgroundImageUri":"/9837165885229588416/Ne4bd5adb-9d89-40f0-8cb1-1acaa4621acf-logoSmallFile","displayName":"Visitors CheckIn PowerApps","description":"","commitMessage":"","appUris":{"documentUri":{"value":"/9837165885229588416/N04a40f88-2000-4cc6-9ade-62aea71815de-document.msapp"},"imageUris":[]},"createdTime":"0001-01-01T00:00:00Z","lastModifiedTime":"0001-01-01T00:00:00Z","sharedGroupsCount":0,"sharedUsersCount":0,"icons":{"smallIconUri":"/9837165885229588416/N2650b594-a989-4b28-a79f-16d3bf01796b-small.png","mediumIconUri":"/9837165885229588416/N0ac15105-f143-4421-9731-b87f4c5cfd14-medium.png","largeIconUri":"/9837165885229588416/Nc3660f1b-a702-4df2-b132-808f95ab6d29-large.png","wideIconUri":"/9837165885229588416/N6e639981-1194-4cb8-b9f6-a0363b11f172-wide.png"},"connectionReferences":{"fd682efd-e128-4c3e-8bca-beb4b7f78b56":{"id":"2f92f144-ada7-49d8-ab95-410373bae03c","displayName":"SharePoint","iconUri":"https://connectoricons-prod.azureedge.net/releases/v1.0.1441/1.0.1441.2334/sharepointonline/icon.png","dataSources":["Visitors"],"dependencies":[],"dependents":[],"parameterHints":{},"isOnPremiseConnection":false,"dataSets":{"https://brandbankgroup.sharepoint.com/sites/BBIT-Hub":{"dataSources":{"Visitors":{"tableName":"000e37f6-ecb3-45fb-8a07-4626b493d41c"}}}},"apiTier":"Standard","isCustomApiConnection":false}},"databaseReferences":{},"almMode":"Environment","performanceOptimizationEnabled":true,"canConsumeAppPass":true,"executionRestrictions":{"isTeamsOnly":false,"dataLossPreventionEvaluationResult":{"status":"Compliant","lastEvaluationDate":"2021-03-05T12:10:26.6051431Z","violationDetails":[]}}},"isAppComponentLibrary":false,"appType":"ClassicCanvasApp","appComponents":[]}}